Workbook

Sheet Task_Plan
A1: Transport Ops Enterprise - Task Tracker
A2: Blue cells are inputs. Formula columns (K:N) auto-calculate progress, schedule risk, and variance.
A4: Task ID | B4: Workstream | C4: Task | D4: Owner | E4: Priority | F4: Status | G4: Start Date | H4: Due Date | I4: Est Hrs | J4: Actual Hrs | K4: Variance Hrs | L4: % Complete | M4: Days Left | N4: Risk Flag | O4: Notes | P4: Source URL
K5: =IF(OR(I5="",J5=""),"",J5-I5) | L5: =IF(I5="","",IF(J5="","",MIN(1,J5/I5))) | M5: =IF(H5="","",H5-TODAY()) | N5: =IF(OR(M5<0,AND(M5<=2,L5<0.8)),"AT RISK","ON TRACK")
K6: =IF(OR(I6="",J6=""),"",J6-I6) | L6: =IF(I6="","",IF(J6="","",MIN(1,J6/I6))) | M6: =IF(H6="","",H6-TODAY()) | N6: =IF(OR(M6<0,AND(M6<=2,L6<0.8)),"AT RISK","ON TRACK")
K7: =IF(OR(I7="",J7=""),"",J7-I7) | L7: =IF(I7="","",IF(J7="","",MIN(1,J7/I7))) | M7: =IF(H7="","",H7-TODAY()) | N7: =IF(OR(M7<0,AND(M7<=2,L7<0.8)),"AT RISK","ON TRACK")
K8: =IF(OR(I8="",J8=""),"",J8-I8) | L8: =IF(I8="","",IF(J8="","",MIN(1,J8/I8))) | M8: =IF(H8="","",H8-TODAY()) | N8: =IF(OR(M8<0,AND(M8<=2,L8<0.8)),"AT RISK","ON TRACK")
K9: =IF(OR(I9="",J9=""),"",J9-I9) | L9: =IF(I9="","",IF(J9="","",MIN(1,J9/I9))) | M9: =IF(H9="","",H9-TODAY()) | N9: =IF(OR(M9<0,AND(M9<=2,L9<0.8)),"AT RISK","ON TRACK")
K10: =IF(OR(I10="",J10=""),"",J10-I10) | L10: =IF(I10="","",IF(J10="","",MIN(1,J10/I10))) | M10: =IF(H10="","",H10-TODAY()) | N10: =IF(OR(M10<0,AND(M10<=2,L10<0.8)),"AT RISK","ON TRACK")
K11: =IF(OR(I11="",J11=""),"",J11-I11) | L11: =IF(I11="","",IF(J11="","",MIN(1,J11/I11))) | M11: =IF(H11="","",H11-TODAY()) | N11: =IF(OR(M11<0,AND(M11<=2,L11<0.8)),"AT RISK","ON TRACK")
K12: =IF(OR(I12="",J12=""),"",J12-I12) | L12: =IF(I12="","",IF(J12="","",MIN(1,J12/I12))) | M12: =IF(H12="","",H12-TODAY()) | N12: =IF(OR(M12<0,AND(M12<=2,L12<0.8)),"AT RISK","ON TRACK")
K13: =IF(OR(I13="",J13=""),"",J13-I13) | L13: =IF(I13="","",IF(J13="","",MIN(1,J13/I13))) | M13: =IF(H13="","",H13-TODAY()) | N13: =IF(OR(M13<0,AND(M13<=2,L13<0.8)),"AT RISK","ON TRACK")
K14: =IF(OR(I14="",J14=""),"",J14-I14) | L14: =IF(I14="","",IF(J14="","",MIN(1,J14/I14))) | M14: =IF(H14="","",H14-TODAY()) | N14: =IF(OR(M14<0,AND(M14<=2,L14<0.8)),"AT RISK","ON TRACK")
K15: =IF(OR(I15="",J15=""),"",J15-I15) | L15: =IF(I15="","",IF(J15="","",MIN(1,J15/I15))) | M15: =IF(H15="","",H15-TODAY()) | N15: =IF(OR(M15<0,AND(M15<=2,L15<0.8)),"AT RISK","ON TRACK")
K16: =IF(OR(I16="",J16=""),"",J16-I16) | L16: =IF(I16="","",IF(J16="","",MIN(1,J16/I16))) | M16: =IF(H16="","",H16-TODAY()) | N16: =IF(OR(M16<0,AND(M16<=2,L16<0.8)),"AT RISK","ON TRACK")
... K104: =IF(OR(I104="",J104=""),"",J104-I104) | L104: =IF(I104="","",IF(J104="","",MIN(1,J104/I104))) | M104: =IF(H104="","",H104-TODAY()) | N104: =IF(OR(M104<0,AND(M104<=2,L104<0.8)),"AT RISK","ON TRACK")

Sheet Dashboard
A1: Task Dashboard
A3: Metric | B3: Value
A4: Total Tasks | B4: =COUNTA(Task_Plan!C5:C104)
A5: Completed Tasks | B5: =COUNTIF(Task_Plan!F5:F104,"Done")
A6: Completion Rate | B6: =IF(B4=0,0,B5/B4)
A7: At Risk Tasks | B7: =COUNTIF(Task_Plan!N5:N104,"AT RISK")
A8: Total Est Hrs | B8: =SUM(Task_Plan!I5:I104)
A9: Total Actual Hrs | B9: =SUM(Task_Plan!J5:J104)
A10: Variance Hrs | B10: =B9-B8
A11: Burn vs Plan | B11: =IF(B8=0,0,B9/B8)
A13: Usage Notes | B13: Add source URLs in Task_Plan column P for imported data.
A14: Risk Rule | B14: AT RISK when overdue OR due in <=2 days and completion <80%.
